Date,Region,Demand_MW,Supply_MW
7/13/2021,CISO,259556,234131
7/13/2021,ERCO,486236,486024
7/13/2021,ISNE,122078,113068
7/13/2021,MISO,754822,728118
7/13/2021,NYIS,160079,128560
7/13/2021,PJM,888189,914206
7/14/2021,CISO,753911,596584
7/14/2021,ERCO,1230302,1226979
7/14/2021,ISNE,350716,295105
7/14/2021,MISO,2046210,1955813
7/14/2021,NYIS,503375,413881
7/14/2021,PJM,2695618,2822097
7/15/2021,CISO,746857,557625
7/15/2021,ERCO,1264330,1263813
7/15/2021,ISNE,405729,343973
7/15/2021,MISO,2081564,1994889
7/15/2021,NYIS,542483,438224
7/15/2021,PJM,2729666,2873382
7/16/2021,CISO,730483,538345
7/16/2021,ERCO,1305789,1305175
7/16/2021,ISNE,441016,380699
7/16/2021,MISO,1975043,1923185
7/16/2021,NYIS,574801,467762
7/16/2021,PJM,2758205,2869840
7/17/2021,CISO,705545,515978
7/17/2021,ERCO,1297074,1297233
7/17/2021,ISNE,400685,346255
7/17/2021,MISO,1846136,1803714
7/17/2021,NYIS,526994,420041
7/17/2021,PJM,2569973,2680215
7/18/2021,CISO,704365,515993
7/18/2021,ERCO,1280591,1277693
7/18/2021,ISNE,360109,315167
7/18/2021,MISO,1841758,1748940
7/18/2021,NYIS,478250,373228
7/18/2021,PJM,2317245,2472776
7/19/2021,CISO,767240,592180
7/19/2021,ERCO,1305857,1306281
7/19/2021,ISNE,363283,311683
7/19/2021,MISO,2018724,1906258
7/19/2021,NYIS,490564,395846
7/19/2021,PJM,2447134,2609134
7/20/2021,CISO,788858,600595
7/20/2021,ERCO,1238624,1237949
7/20/2021,ISNE,378057,323546
7/20/2021,MISO,2057221,1961380
7/20/2021,NYIS,520397,414959
7/20/2021,PJM,2596724,2736539
7/21/2021,CISO,787711,612810
7/21/2021,ERCO,1245206,1244169
7/21/2021,ISNE,391870,330971
7/21/2021,MISO,2021959,1913559
7/21/2021,NYIS,503846,418106
7/21/2021,PJM,2572695,2723666
7/22/2021,CISO,784488,606411
7/22/2021,ERCO,1249969,1249201
7/22/2021,ISNE,347374,287358
7/22/2021,MISO,2050466,1930461
7/22/2021,NYIS,462227,368532
7/22/2021,PJM,2372541,2552638
7/23/2021,CISO,763235,573531
7/23/2021,ERCO,1318603,1317360
7/23/2021,ISNE,342601,288976
7/23/2021,MISO,2138223,2021910
7/23/2021,NYIS,458668,361264
7/23/2021,PJM,2395536,2571859
7/24/2021,CISO,719221,539199
7/24/2021,ERCO,1343687,1343218
7/24/2021,ISNE,318924,273177
7/24/2021,MISO,2130463,2029774
7/24/2021,NYIS,437287,340924
7/24/2021,PJM,2360187,2527136
7/25/2021,CISO,670730,520516
7/25/2021,ERCO,1326481,1324548
7/25/2021,ISNE,323930,283559
7/25/2021,MISO,2060684,1975624
7/25/2021,NYIS,452264,367039
7/25/2021,PJM,2443131,2582853
7/26/2021,CISO,702392,543729
7/26/2021,ERCO,1386180,1382709
7/26/2021,ISNE,379324,334292
7/26/2021,MISO,2185753,2101472
7/26/2021,NYIS,526069,426272
7/26/2021,PJM,2741325,2914635
7/27/2021,CISO,720938,572020
7/27/2021,ERCO,1412601,1409764
7/27/2021,ISNE,402258,344572
7/27/2021,MISO,2232160,2134792
7/27/2021,NYIS,526921,437446
7/27/2021,PJM,2726081,2909762
7/28/2021,CISO,763083,629790
7/28/2021,ERCO,1386174,1382787
7/28/2021,ISNE,360453,316695
7/28/2021,MISO,2259270,2168154
7/28/2021,NYIS,497526,401544
7/28/2021,PJM,2739020,2921449
7/29/2021,CISO,779748,676893
7/29/2021,ERCO,1387683,1383881
7/29/2021,ISNE,342364,299516
7/29/2021,MISO,2300329,2209982
7/29/2021,NYIS,475688,364455
7/29/2021,PJM,2680764,2878882
7/30/2021,CISO,785084,678932
7/30/2021,ERCO,1393802,1390697
7/30/2021,ISNE,340604,300911
7/30/2021,MISO,2111857,2027816
7/30/2021,NYIS,462967,358286
7/30/2021,PJM,2575523,2769467
7/31/2021,CISO,40110,36390
7/31/2021,ERCO,68736,68479
7/31/2021,ISNE,15691,14304
7/31/2021,MISO,94428,90161
7/31/2021,NYIS,20315,16145
7/31/2021,PJM,112959,122483
10/13/2021,CISO,186476,150313
10/13/2021,ERCO,447043,445697
10/13/2021,ISNE,105736,89659
10/13/2021,MISO,633222,626645
10/13/2021,NYIS,126711,105328
10/13/2021,PJM,649598,679014
10/14/2021,CISO,563820,444271
10/14/2021,ERCO,1108258,1105887
10/14/2021,ISNE,301975,239224
10/14/2021,MISO,1753544,1723076
10/14/2021,NYIS,395939,340825
10/14/2021,PJM,2057948,2154366
10/15/2021,CISO,576808,439613
10/15/2021,ERCO,1127023,1123304
10/15/2021,ISNE,305101,238762
10/15/2021,MISO,1710228,1675500
10/15/2021,NYIS,406970,355577
10/15/2021,PJM,2076489,2163653
10/16/2021,CISO,552276,415632
10/16/2021,ERCO,914961,916036
10/16/2021,ISNE,292734,226161
10/16/2021,MISO,1504460,1470895
10/16/2021,NYIS,388883,327717
10/16/2021,PJM,1891310,1972082
10/17/2021,CISO,522190,389770
10/17/2021,ERCO,839131,835841
10/17/2021,ISNE,260752,191107
10/17/2021,MISO,1420365,1341528
10/17/2021,NYIS,343025,294118
10/17/2021,PJM,1679825,1782916
10/18/2021,CISO,556030,426147
10/18/2021,ERCO,906280,898489
10/18/2021,ISNE,269949,211574
10/18/2021,MISO,1548862,1480911
10/18/2021,NYIS,362387,299729
10/18/2021,PJM,1835101,1924137
10/19/2021,CISO,560981,420897
10/19/2021,ERCO,968988,966123
10/19/2021,ISNE,277614,210719
10/19/2021,MISO,1592751,1529630
10/19/2021,NYIS,365444,314701
10/19/2021,PJM,4107954895,4107045614
10/20/2021,CISO,573211,424259
10/20/2021,ERCO,1044681,1034777
10/20/2021,ISNE,279684,219049
10/20/2021,MISO,1621344,1572220
10/20/2021,NYIS,371512,320131
10/20/2021,PJM,1890374,1967409
10/21/2021,CISO,582470,445164
10/21/2021,ERCO,1073900,1057786
10/21/2021,ISNE,285728,224789
10/21/2021,MISO,1650952,1598281
10/21/2021,NYIS,378398,321233
10/21/2021,PJM,1900008,1999696
10/22/2021,CISO,579118,432809
10/22/2021,ERCO,1068696,1063206
10/22/2021,ISNE,288043,232241
10/22/2021,MISO,1636583,1539652
10/22/2021,NYIS,376375,310940
10/22/2021,PJM,1875983,1987426
10/23/2021,CISO,540558,412295
10/23/2021,ERCO,1077617,1071789
10/23/2021,ISNE,259552,204586
10/23/2021,MISO,1544052,1478742
10/23/2021,NYIS,347394,275129
10/23/2021,PJM,1753951,1827495
10/24/2021,CISO,518825,383913
10/24/2021,ERCO,1068907,1059708
10/24/2021,ISNE,256807,206567
10/24/2021,MISO,1520976,1497335
10/24/2021,NYIS,337571,266327
10/24/2021,PJM,1717262,1776502
10/25/2021,CISO,559152,415254
10/25/2021,ERCO,1138880,1127526
10/25/2021,ISNE,295557,241446
10/25/2021,MISO,1635458,1610734
10/25/2021,NYIS,376233,303913
10/25/2021,PJM,1887821,1957104
10/26/2021,CISO,558479,417513
10/26/2021,ERCO,1165353,1159350
10/26/2021,ISNE,306556,250532
10/26/2021,MISO,1647791,1602238
10/26/2021,NYIS,387936,320678
10/26/2021,PJM,1916727,2005565
10/27/2021,CISO,565151,409615
10/27/2021,ERCO,1088008,1094179
10/27/2021,ISNE,294042,240280
10/27/2021,MISO,1644409,1597011
10/27/2021,NYIS,374083,316864
10/27/2021,PJM,1932805,2015994
10/28/2021,CISO,581596,432852
10/28/2021,ERCO,922556,923450
10/28/2021,ISNE,284458,239775
10/28/2021,MISO,1615429,1539344
10/28/2021,NYIS,370002,295882
10/28/2021,PJM,1913720,2012223
10/29/2021,CISO,593724,434592
10/29/2021,ERCO,899500,898684
10/29/2021,ISNE,294451,244993
10/29/2021,MISO,1591397,1531771
10/29/2021,NYIS,373541,313212
10/29/2021,PJM,1911409,1993411
10/30/2021,CISO,554044,403898
10/30/2021,ERCO,866046,865050
10/30/2021,ISNE,287895,235454
10/30/2021,MISO,1483107,1418155
10/30/2021,NYIS,358642,315766
10/30/2021,PJM,1774743,1855529
10/31/2021,CISO,23140,17662
10/31/2021,ERCO,40055,39620
10/31/2021,ISNE,13155,11014
10/31/2021,MISO,64429,62153
10/31/2021,NYIS,16299,13897
10/31/2021,PJM,78296,81346
1/13/2022,CISO,200275,132984
1/13/2022,ERCO,331810,331901
1/13/2022,ISNE,122744,93282
1/13/2022,MISO,602723,593240
1/13/2022,NYIS,132783,108516
1/13/2022,PJM,690778,727186
1/14/2022,CISO,575863,355583
1/14/2022,ERCO,979343,976676
1/14/2022,ISNE,350195,256388
1/14/2022,MISO,1808366,1779292
1/14/2022,NYIS,431734,347099
1/14/2022,PJM,2337250,2431299
1/15/2022,CISO,554215,323363
1/15/2022,ERCO,1024701,1032349
1/15/2022,ISNE,373490,289536
1/15/2022,MISO,1762450,1813480
1/15/2022,NYIS,466367,375461
1/15/2022,PJM,2461699,2532368
1/16/2022,CISO,517286,301900
1/16/2022,ERCO,1164042,1162926
1/16/2022,ISNE,382794,311330
1/16/2022,MISO,1850782,1912112
1/16/2022,NYIS,470431,392752
1/16/2022,PJM,2594166,2622653
1/17/2022,CISO,544631,311363
1/17/2022,ERCO,1083189,1081254
1/17/2022,ISNE,362811,278533
1/17/2022,MISO,1870334,1908348
1/17/2022,NYIS,449241,372506
1/17/2022,PJM,2500724,2568815
1/18/2022,CISO,565892,346404
1/18/2022,ERCO,1011761,1016954
1/18/2022,ISNE,355451,269015
1/18/2022,MISO,1857163,1925561
1/18/2022,NYIS,450944,358553
1/18/2022,PJM,2529676,2591998
1/19/2022,CISO,566331,363672
1/19/2022,ERCO,946214,947786
1/19/2022,ISNE,373084,289346
1/19/2022,MISO,1810043,1880712
1/19/2022,NYIS,453612,384473
1/19/2022,PJM,2480407,2566112
1/20/2022,CISO,565963,357846
1/20/2022,ERCO,1217361,1219387
1/20/2022,ISNE,356299,274834
1/20/2022,MISO,2000696,1993054
1/20/2022,NYIS,441504,365640
1/20/2022,PJM,2451439,2579664
1/21/2022,CISO,566254,350496
1/21/2022,ERCO,1359674,1354735
1/21/2022,ISNE,382617,333999
1/21/2022,MISO,2130744,2217033
1/21/2022,NYIS,478788,394385
1/21/2022,PJM,2746140,2836852
1/22/2022,CISO,529269,348853
1/22/2022,ERCO,1235228,1240838
1/22/2022,ISNE,373839,333606
1/22/2022,MISO,2009795,2093105
1/22/2022,NYIS,470737,419598
1/22/2022,PJM,2696999,2758083
1/23/2022,CISO,504397,331322
1/23/2022,ERCO,1092502,1090579
1/23/2022,ISNE,357858,284729
1/23/2022,MISO,1881486,1934907
1/23/2022,NYIS,442198,363592
1/23/2022,PJM,2510381,2602840
1/24/2022,CISO,545329,359310
1/24/2022,ERCO,1034749,1033360
1/24/2022,ISNE,356619,289725
1/24/2022,MISO,1933424,2002824
1/24/2022,NYIS,455970,383610
1/24/2022,PJM,2534834,2597674
1/25/2022,CISO,566912,394441
1/25/2022,ERCO,1057049,1053835
1/25/2022,ISNE,360345,277392
1/25/2022,MISO,1974745,1974079
1/25/2022,NYIS,451082,382588
1/25/2022,PJM,2499841,2610274
1/26/2022,CISO,573519,384401
1/26/2022,ERCO,1105262,1102355
1/26/2022,ISNE,361574,285308
1/26/2022,MISO,2071573,2095664
1/26/2022,NYIS,463014,381561
1/26/2022,PJM,2659840,2760229
1/27/2022,CISO,574910,390739
1/27/2022,ERCO,1085759,1081282
1/27/2022,ISNE,388341,325112
1/27/2022,MISO,2014316,2115391
1/27/2022,NYIS,481682,416416
1/27/2022,PJM,2787545,2839083
1/28/2022,CISO,579523,397041
1/28/2022,ERCO,1083807,1082335
1/28/2022,ISNE,374829,292533
1/28/2022,MISO,1947279,1994289
1/28/2022,NYIS,464994,373405
1/28/2022,PJM,2586986,2646241
1/29/2022,CISO,555203,346600
1/29/2022,ERCO,1094136,1089553
1/29/2022,ISNE,377594,306994
1/29/2022,MISO,1944696,2023545
1/29/2022,NYIS,466451,375025
1/29/2022,PJM,2627974,2711602
1/30/2022,CISO,517006,338045
1/30/2022,ERCO,989751,993272
1/30/2022,ISNE,374138,307195
1/30/2022,MISO,1794254,1872246
1/30/2022,NYIS,467999,368838
1/30/2022,PJM,2654901,2713233
1/31/2022,CISO,19818,14657
1/31/2022,ERCO,38767,38921
1/31/2022,ISNE,18294,14847
1/31/2022,MISO,75257,77810
1/31/2022,NYIS,21749,17971
1/31/2022,PJM,112095,114320
4/12/2022,CISO,162098,146669
4/12/2022,ERCO,407626,406059
4/12/2022,ISNE,91030,79751
4/12/2022,MISO,568439,555308
4/12/2022,NYIS,105465,95166
4/12/2022,PJM,572183,579222
4/13/2022,CISO,532971,416669
4/13/2022,ERCO,1115136,1112997
4/13/2022,ISNE,268830,231709
4/13/2022,MISO,1627559,1595988
4/13/2022,NYIS,359079,320613
4/13/2022,PJM,1911462,1933058
4/14/2022,CISO,546067,460486
4/14/2022,ERCO,1008850,1010487
4/14/2022,ISNE,273414,240876
4/14/2022,MISO,1628996,1595356
4/14/2022,NYIS,363166,331990
4/14/2022,PJM,1960325,1981468
4/15/2022,CISO,527395,441714
4/15/2022,ERCO,1001798,1003513
4/15/2022,ISNE,251477,216799
4/15/2022,MISO,1573850,1501615
4/15/2022,NYIS,345641,315996
4/15/2022,PJM,1822082,1838508
4/16/2022,CISO,499496,415756
4/16/2022,ERCO,1053700,1049871
4/16/2022,ISNE,249993,211451
4/16/2022,MISO,1514158,1443703
4/16/2022,NYIS,337418,296120
4/16/2022,PJM,1718952,1744318
4/17/2022,CISO,452736,353941
4/17/2022,ERCO,998572,996527
4/17/2022,ISNE,245087,206093
4/17/2022,MISO,1503027,1429714
4/17/2022,NYIS,330183,296562
4/17/2022,PJM,1697524,1722618
4/18/2022,CISO,501764,421165
4/18/2022,ERCO,1018100,1017777
4/18/2022,ISNE,262169,230952
4/18/2022,MISO,1635242,1595197
4/18/2022,NYIS,364438,322094
4/18/2022,PJM,2015923,2007703
4/19/2022,CISO,547822,437736
4/19/2022,ERCO,979637,979505
4/19/2022,ISNE,283609,253907
4/19/2022,MISO,1643422,1576601
4/19/2022,NYIS,383009,348743
4/19/2022,PJM,2134969,2121475
4/20/2022,CISO,538443,457094
4/20/2022,ERCO,1045159,1044403
4/20/2022,ISNE,270802,238277
4/20/2022,MISO,1630505,1579293
4/20/2022,NYIS,367770,334178
4/20/2022,PJM,2048433,2065119
4/21/2022,CISO,538486,463922
4/21/2022,ERCO,1138853,1139256
4/21/2022,ISNE,273319,238352
4/21/2022,MISO,1626263,1493306
4/21/2022,NYIS,371684,329949
4/21/2022,PJM,1935434,1997937
4/22/2022,CISO,525840,444064
4/22/2022,ERCO,1147579,1150231
4/22/2022,ISNE,257984,222326
4/22/2022,MISO,1630233,1575334
4/22/2022,NYIS,353557,314344
4/22/2022,PJM,1888785,1922486
4/23/2022,CISO,480517,374573
4/23/2022,ERCO,1086132,1088901
4/23/2022,ISNE,244486,210045
4/23/2022,MISO,1553945,1506369
4/23/2022,NYIS,333671,284472
4/23/2022,PJM,1785156,1846066
4/24/2022,CISO,459850,392017
4/24/2022,ERCO,1059348,1060745
4/24/2022,ISNE,245252,210008
4/24/2022,MISO,1518672,1463493
4/24/2022,NYIS,317084,275130
4/24/2022,PJM,1769760,1829590
4/25/2022,CISO,525326,444168
4/25/2022,ERCO,1050878,1050743
4/25/2022,ISNE,261173,230793
4/25/2022,MISO,1616619,1561889
4/25/2022,NYIS,350050,317380
4/25/2022,PJM,1928179,1977193
4/26/2022,CISO,560068,451550
4/26/2022,ERCO,941975,943095
4/26/2022,ISNE,285738,246986
4/26/2022,MISO,1616173,1478995
4/26/2022,NYIS,366232,332023
4/26/2022,PJM,1917397,1996638
4/27/2022,CISO,548996,481630
4/27/2022,ERCO,988970,985914
4/27/2022,ISNE,271294,230884
4/27/2022,MISO,1604144,1534037
4/27/2022,NYIS,364031,323456
4/27/2022,PJM,1917021,1958904
4/28/2022,CISO,542858,481973
4/28/2022,ERCO,1055961,1054909
4/28/2022,ISNE,273656,242812
4/28/2022,MISO,1596938,1531034
4/28/2022,NYIS,364994,331880
4/28/2022,PJM,1974436,2012013
4/29/2022,CISO,530333,436336
4/29/2022,ERCO,1121514,1118727
4/29/2022,ISNE,268685,236329
4/29/2022,MISO,1591881,1534313
4/29/2022,NYIS,357545,324568
4/29/2022,PJM,1927188,1952058
4/30/2022,CISO,21395,21981
4/30/2022,ERCO,54168,54164
4/30/2022,ISNE,12695,11354
4/30/2022,MISO,69798,67683
4/30/2022,NYIS,15890,14276
4/30/2022,PJM,78850,80147
7/13/2022,CISO,229451,213574
7/13/2022,ERCO,587867,581893
7/13/2022,ISNE,150382,142183
7/13/2022,MISO,781539,777474
7/13/2022,NYIS,178010,150262
7/13/2022,PJM,906052,928212
7/14/2022,CISO,723598,611314
7/14/2022,ERCO,1489231,1473668
7/14/2022,ISNE,398188,361489
7/14/2022,MISO,2064025,2039893
7/14/2022,NYIS,519112,412276
7/14/2022,PJM,2596659,2689465
7/15/2022,CISO,738926,612927
7/15/2022,ERCO,1360370,1345835
7/15/2022,ISNE,364817,331389
7/15/2022,MISO,2052534,2008929
7/15/2022,NYIS,491981,377704
7/15/2022,PJM,2504577,2636817
7/16/2022,CISO,736611,604689
7/16/2022,ERCO,1388320,1375118
7/16/2022,ISNE,343941,306087
7/16/2022,MISO,1986874,1896202
7/16/2022,NYIS,464398,360279
7/16/2022,PJM,2352520,2498513
7/17/2022,CISO,729741,602561
7/17/2022,ERCO,1431196,1419129
7/17/2022,ISNE,357404,316935
7/17/2022,MISO,1960252,1875425
7/17/2022,NYIS,473462,367602
7/17/2022,PJM,2305749,2435842
7/18/2022,CISO,766040,625727
7/18/2022,ERCO,1509417,1496546
7/18/2022,ISNE,408925,364293
7/18/2022,MISO,2121067,2077848
7/18/2022,NYIS,524224,424101
7/18/2022,PJM,2584660,2695070
7/19/2022,CISO,790802,663577
7/19/2022,ERCO,1562413,1552376
7/19/2022,ISNE,422817,373478
7/19/2022,MISO,2286513,2270946
7/19/2022,NYIS,543310,459614
7/19/2022,PJM,2744638,2838581
7/20/2022,CISO,784720,667066
7/20/2022,ERCO,1578337,1568544
7/20/2022,ISNE,461553,393049
7/20/2022,MISO,2322332,2331649
7/20/2022,NYIS,599350,511962
7/20/2022,PJM,2914599,3007074
7/21/2022,CISO,769751,655208
7/21/2022,ERCO,1550356,1542181
7/21/2022,ISNE,485194,417727
7/21/2022,MISO,2286866,2320114
7/21/2022,NYIS,611937,521452
7/21/2022,PJM,2982542,3062443
7/22/2022,CISO,752200,632133
7/22/2022,ERCO,1487499,1475037
7/22/2022,ISNE,462751,392670
7/22/2022,MISO,2227739,2247464
7/22/2022,NYIS,591875,508957
7/22/2022,PJM,2901017,2972968
7/23/2022,CISO,708107,557244
7/23/2022,ERCO,1429576,1418643
7/23/2022,ISNE,439674,377384
7/23/2022,MISO,2148942,2155749
7/23/2022,NYIS,559929,471651
7/23/2022,PJM,2738956,2826325
7/24/2022,CISO,667473,513659
7/24/2022,ERCO,1456868,1448846
7/24/2022,ISNE,443852,384816
7/24/2022,MISO,2043951,2032992
7/24/2022,NYIS,560945,470414
7/24/2022,PJM,2675443,2777096
7/25/2022,CISO,706159,574207
7/25/2022,ERCO,1521480,1510394
7/25/2022,ISNE,482596,419422
7/25/2022,MISO,2026630,2035536
7/25/2022,NYIS,583669,496858
7/25/2022,PJM,2853500,2924534
7/26/2022,CISO,735751,604018
7/26/2022,ERCO,1524130,1514643
7/26/2022,ISNE,399414,343552
7/26/2022,MISO,1999161,1946081
7/26/2022,NYIS,509606,408472
7/26/2022,PJM,2524742,2662133
7/27/2022,CISO,736856,621015
7/27/2022,ERCO,1529060,1517323
7/27/2022,ISNE,361632,309316
7/27/2022,MISO,2060141,2022403
7/27/2022,NYIS,492063,388781
7/27/2022,PJM,2534084,2671449
7/28/2022,CISO,739117,617409
7/28/2022,ERCO,1503569,1491577
7/28/2022,ISNE,403820,350518
7/28/2022,MISO,2064260,2088225
7/28/2022,NYIS,546744,436475
7/28/2022,PJM,2730766,2839571
7/29/2022,CISO,749386,634802
7/29/2022,ERCO,1504063,1491041
7/29/2022,ISNE,433332,364530
7/29/2022,MISO,1961566,1965307
7/29/2022,NYIS,542267,433089
7/29/2022,PJM,2616238,2734516
7/30/2022,CISO,725249,572180
7/30/2022,ERCO,1457454,1445050
7/30/2022,ISNE,391514,329187
7/30/2022,MISO,1841241,1819473
7/30/2022,NYIS,488336,376228
7/30/2022,PJM,2373972,2489892
7/31/2022,CISO,32860,29884
7/31/2022,ERCO,71986,71482
7/31/2022,ISNE,18267,16518
7/31/2022,MISO,89262,89400
7/31/2022,NYIS,22957,18208
7/31/2022,PJM,114944,117774
10/13/2022,CISO,212098,197143
10/13/2022,ERCO,430383,429936
10/13/2022,ISNE,108291,96745
10/13/2022,MISO,578305,598534
10/13/2022,NYIS,122753,104795
10/13/2022,PJM,597892,615204
10/14/2022,CISO,623992,496412
10/14/2022,ERCO,1103833,1101933
10/14/2022,ISNE,290582,248120
10/14/2022,MISO,1610177,1616785
10/14/2022,NYIS,360889,295980
10/14/2022,PJM,1889810,1936175
10/15/2022,CISO,586619,454481
10/15/2022,ERCO,1162897,1161539
10/15/2022,ISNE,251297,214948
10/15/2022,MISO,1507953,1509269
10/15/2022,NYIS,335397,265672
10/15/2022,PJM,1754662,1797412
10/16/2022,CISO,551301,416660
10/16/2022,ERCO,1138171,1135313
10/16/2022,ISNE,245302,219365
10/16/2022,MISO,1474201,1503701
10/16/2022,NYIS,330056,254926
10/16/2022,PJM,1720175,1755431
10/17/2022,CISO,569626,460703
10/17/2022,ERCO,1050125,1048329
10/17/2022,ISNE,287598,252626
10/17/2022,MISO,1598416,1655849
10/17/2022,NYIS,367500,296638
10/17/2022,PJM,1889791,1934739
10/18/2022,CISO,620618,511687
10/18/2022,ERCO,929363,931947
10/18/2022,ISNE,286511,240280
10/18/2022,MISO,1640689,1688814
10/18/2022,NYIS,366261,309099
10/18/2022,PJM,1994830,2037060
10/19/2022,CISO,650835,540004
10/19/2022,ERCO,925029,929670
10/19/2022,ISNE,276767,231538
10/19/2022,MISO,1661084,1698169
10/19/2022,NYIS,376062,327651
10/19/2022,PJM,2061522,2092474
10/20/2022,CISO,663078,526924
10/20/2022,ERCO,949349,952598
10/20/2022,ISNE,276471,233672
10/20/2022,MISO,1649464,1690657
10/20/2022,NYIS,376920,332295
10/20/2022,PJM,2066949,2083284
10/21/2022,CISO,644857,495818
10/21/2022,ERCO,1004814,1003269
10/21/2022,ISNE,275275,237923
10/21/2022,MISO,1583004,1603074
10/21/2022,NYIS,367268,311214
10/21/2022,PJM,1997424,2030563
10/22/2022,CISO,586381,442174
10/22/2022,ERCO,1044794,1042520
10/22/2022,ISNE,257708,233493
10/22/2022,MISO,1465952,1478281
10/22/2022,NYIS,338179,272509
10/22/2022,PJM,1824230,1860256
10/23/2022,CISO,509578,378903
10/23/2022,ERCO,1082063,1078350
10/23/2022,ISNE,268296,237963
10/23/2022,MISO,1439947,1482456
10/23/2022,NYIS,336292,264262
10/23/2022,PJM,1773248,1804749
10/24/2022,CISO,538758,413026
10/24/2022,ERCO,1133079,1131317
10/24/2022,ISNE,295943,254188
10/24/2022,MISO,1575608,1609992
10/24/2022,NYIS,365676,304269
10/24/2022,PJM,1916139,1959253
10/25/2022,CISO,569912,415757
10/25/2022,ERCO,989344,991319
10/25/2022,ISNE,294391,260717
10/25/2022,MISO,1593721,1601340
10/25/2022,NYIS,375526,313375
10/25/2022,PJM,1942596,1971107
10/26/2022,CISO,570428,435904
10/26/2022,ERCO,944476,946876
10/26/2022,ISNE,299957,265573
10/26/2022,MISO,1564463,1521044
10/26/2022,NYIS,380629,326716
10/26/2022,PJM,1926836,1984577
10/27/2022,CISO,569917,433643
10/27/2022,ERCO,958675,956865
10/27/2022,ISNE,275608,239620
10/27/2022,MISO,1590140,1543553
10/27/2022,NYIS,363549,311928
10/27/2022,PJM,1915656,1963552
10/28/2022,CISO,580883,427646
10/28/2022,ERCO,977731,978554
10/28/2022,ISNE,272846,241693
10/28/2022,MISO,1567570,1522988
10/28/2022,NYIS,367366,293424
10/28/2022,PJM,1957300,1999071
10/29/2022,CISO,546303,405780
10/29/2022,ERCO,904258,906908
10/29/2022,ISNE,262493,231358
10/29/2022,MISO,1469287,1451283
10/29/2022,NYIS,345849,280327
10/29/2022,PJM,1837585,1860205
10/30/2022,CISO,512263,380086
10/30/2022,ERCO,886833,884869
10/30/2022,ISNE,260206,231291
10/30/2022,MISO,1409889,1358290
10/30/2022,NYIS,338295,270303
10/30/2022,PJM,1796371,1846566
10/31/2022,CISO,20645,17876
10/31/2022,ERCO,42679,41933
10/31/2022,ISNE,13137,11412
10/31/2022,MISO,65567,63593
10/31/2022,NYIS,16384,13733
10/31/2022,PJM,81540,84548
1/13/2023,CISO,202043,147912
1/13/2023,ERCO,347391,348702
1/13/2023,ISNE,115579,94436
1/13/2023,MISO,645561,629635
1/13/2023,NYIS,130403,106439
1/13/2023,PJM,693005,719597
1/14/2023,CISO,562809,374857
1/14/2023,ERCO,1056024,1051865
1/14/2023,ISNE,320035,258654
1/14/2023,MISO,1809180,1867852
1/14/2023,NYIS,415110,323209
1/14/2023,PJM,2329521,2359618
1/15/2023,CISO,550718,400872
1/15/2023,ERCO,979160,981409
1/15/2023,ISNE,327464,262158
1/15/2023,MISO,1709537,1831128
1/15/2023,NYIS,412716,318510
1/15/2023,PJM,2334922,2363601
1/16/2023,CISO,571404,440396
1/16/2023,ERCO,957343,959485
1/16/2023,ISNE,350629,278686
1/16/2023,MISO,1686745,1741204
1/16/2023,NYIS,422994,331422
1/16/2023,PJM,2361734,2414256
1/17/2023,CISO,594378,474489
1/17/2023,ERCO,981812,982840
1/17/2023,ISNE,333350,265558
1/17/2023,MISO,1683483,1717446
1/17/2023,NYIS,431273,336993
1/17/2023,PJM,2282888,2326045
1/18/2023,CISO,598418,463783
1/18/2023,ERCO,991975,996799
1/18/2023,ISNE,321032,262946
1/18/2023,MISO,1730154,1675673
1/18/2023,NYIS,411419,324726
1/18/2023,PJM,2192245,2279473
1/19/2023,CISO,600323,441753
1/19/2023,ERCO,980740,984069
1/19/2023,ISNE,332963,268768
1/19/2023,MISO,1729329,1709835
1/19/2023,NYIS,419090,336327
1/19/2023,PJM,2221578,2280262
1/20/2023,CISO,600075,510212
1/20/2023,ERCO,1014847,1026125
1/20/2023,ISNE,339271,269088
1/20/2023,MISO,1793686,1727998
1/20/2023,NYIS,414363,341629
1/20/2023,PJM,2230755,2351980
1/21/2023,CISO,566017,467093
1/21/2023,ERCO,1001790,1006491
1/21/2023,ISNE,326799,254380
1/21/2023,MISO,1734268,1670319
1/21/2023,NYIS,402552,324803
1/21/2023,PJM,2224136,2290209
1/22/2023,CISO,538484,424518
1/22/2023,ERCO,1001749,1001927
1/22/2023,ISNE,326194,260224
1/22/2023,MISO,1677293,1636515
1/22/2023,NYIS,396573,320016
1/22/2023,PJM,2238873,2282856
1/23/2023,CISO,566892,481736
1/23/2023,ERCO,1100158,1106682
1/23/2023,ISNE,346166,278941
1/23/2023,MISO,1818896,1820417
1/23/2023,NYIS,423546,339419
1/23/2023,PJM,2344489,2403378
1/24/2023,CISO,587690,478627
1/24/2023,ERCO,1100496,1107739
1/24/2023,ISNE,347196,274256
1/24/2023,MISO,1847920,1871878
1/24/2023,NYIS,427369,355478
1/24/2023,PJM,2397358,2460033
1/25/2023,CISO,584952,472575
1/25/2023,ERCO,1174975,1184180
1/25/2023,ISNE,351595,281398
1/25/2023,MISO,1831205,1854190
1/25/2023,NYIS,433560,350300
1/25/2023,PJM,2403105,2467774
1/26/2023,CISO,570718,479489
1/26/2023,ERCO,1170737,1177992
1/26/2023,ISNE,333572,268737
1/26/2023,MISO,1899364,1885383
1/26/2023,NYIS,421663,348297
1/26/2023,PJM,2331048,2437701
1/27/2023,CISO,574196,442719
1/27/2023,ERCO,1153733,1155801
1/27/2023,ISNE,328585,260206
1/27/2023,MISO,1897672,1949839
1/27/2023,NYIS,422748,335385
1/27/2023,PJM,2410019,2508889
1/28/2023,CISO,542984,416806
1/28/2023,ERCO,1034149,1033900
1/28/2023,ISNE,309332,253060
1/28/2023,MISO,1741394,1708526
1/28/2023,NYIS,392911,321614
1/28/2023,PJM,2224577,2345950
1/29/2023,CISO,535413,410459
1/29/2023,ERCO,968534,969935
1/29/2023,ISNE,302623,242229
1/29/2023,MISO,1662105,1636927
1/29/2023,NYIS,386646,307240
1/29/2023,PJM,2124643,2261580
1/30/2023,CISO,577408,487346
1/30/2023,ERCO,1265483,1256673
1/30/2023,ISNE,311854,255403
1/30/2023,MISO,1867967,1817652
1/30/2023,NYIS,406607,314216
1/30/2023,PJM,2219133,2383601
1/31/2023,CISO,24343,21317
1/31/2023,ERCO,61664,60719
1/31/2023,ISNE,15662,13309
1/31/2023,MISO,87097,84532
1/31/2023,NYIS,19604,15373
1/31/2023,PJM,101701,109585
4/12/2023,CISO,179826,192921
4/12/2023,ERCO,367581,368148
4/12/2023,ISNE,82775,74432
4/12/2023,MISO,558222,549201
4/12/2023,NYIS,106565,82438
4/12/2023,PJM,605530,613882
4/13/2023,CISO,545242,517853
4/13/2023,ERCO,1033166,1031911
4/13/2023,ISNE,261743,221436
4/13/2023,MISO,1591037,1544561
4/13/2023,NYIS,364562,287898
4/13/2023,PJM,1989502,2021124
4/14/2023,CISO,540696,520162
4/14/2023,ERCO,1061928,1057849
4/14/2023,ISNE,279212,243907
4/14/2023,MISO,1599190,1533364
4/14/2023,NYIS,385399,286142
4/14/2023,PJM,2007242,2070175
4/15/2023,CISO,494041,467234
4/15/2023,ERCO,1099591,1094620
4/15/2023,ISNE,242491,211631
4/15/2023,MISO,1520381,1457863
4/15/2023,NYIS,354827,256197
4/15/2023,PJM,1889575,1962150
4/16/2023,CISO,473123,456142
4/16/2023,ERCO,992133,990751
4/16/2023,ISNE,242874,211110
4/16/2023,MISO,1445676,1403022
4/16/2023,NYIS,330656,242909
4/16/2023,PJM,1800324,1880009
4/17/2023,CISO,525300,522266
4/17/2023,ERCO,990729,992907
4/17/2023,ISNE,274266,246059
4/17/2023,MISO,1567655,1512580
4/17/2023,NYIS,353909,260788
4/17/2023,PJM,1906100,2005340
4/18/2023,CISO,540636,535780
4/18/2023,ERCO,1035866,1030937
4/18/2023,ISNE,261529,230903
4/18/2023,MISO,1581754,1484128
4/18/2023,NYIS,356150,258244
4/18/2023,PJM,1934152,2012418
4/19/2023,CISO,529251,496486
4/19/2023,ERCO,1098188,1096208
4/19/2023,ISNE,270635,233998
4/19/2023,MISO,1584782,1508605
4/19/2023,NYIS,359798,277705
4/19/2023,PJM,1912898,1998702
4/20/2023,CISO,528608,500892
4/20/2023,ERCO,1149261,1142765
4/20/2023,ISNE,257091,227666
4/20/2023,MISO,1627940,1525375
4/20/2023,NYIS,350519,241268
4/20/2023,PJM,1920869,2017125
4/21/2023,CISO,535239,513859
4/21/2023,ERCO,1064068,1058081
4/21/2023,ISNE,245625,212693
4/21/2023,MISO,1580278,1532551
4/21/2023,NYIS,341067,250418
4/21/2023,PJM,1946135,1997794
4/22/2023,CISO,515872,491114
4/22/2023,ERCO,1001572,1004221
4/22/2023,ISNE,248380,209118
4/22/2023,MISO,1489505,1427852
4/22/2023,NYIS,327240,258325
4/22/2023,PJM,1789910,1855454
4/23/2023,CISO,487519,489655
4/23/2023,ERCO,944153,952652
4/23/2023,ISNE,258945,223227
4/23/2023,MISO,1466607,1358626
4/23/2023,NYIS,327995,262168
4/23/2023,PJM,1737308,1832320
4/24/2023,CISO,531127,486830
4/24/2023,ERCO,950553,948382
4/24/2023,ISNE,261184,234665
4/24/2023,MISO,1570893,1469063
4/24/2023,NYIS,349120,273410
4/24/2023,PJM,1897195,1962819
4/25/2023,CISO,538616,490576
4/25/2023,ERCO,992746,995032
4/25/2023,ISNE,259071,227562
4/25/2023,MISO,1580887,1519225
4/25/2023,NYIS,357465,283114
4/25/2023,PJM,1952131,1966691
4/26/2023,CISO,548553,506645
4/26/2023,ERCO,1061976,1064965
4/26/2023,ISNE,259632,228114
4/26/2023,MISO,1581360,1511089
4/26/2023,NYIS,356503,282496
4/26/2023,PJM,1925644,1956810
4/27/2023,CISO,572684,496475
4/27/2023,ERCO,1051327,1054593
4/27/2023,ISNE,266831,235745
4/27/2023,MISO,1575914,1518428
4/27/2023,NYIS,354660,281810
4/27/2023,PJM,1901184,1939520
4/28/2023,CISO,582844,529405
4/28/2023,ERCO,1053925,1053975
4/28/2023,ISNE,252707,223793
4/28/2023,MISO,1564487,1475121
4/28/2023,NYIS,354486,281279
4/28/2023,PJM,1898839,1946037
4/29/2023,CISO,549955,521515
4/29/2023,ERCO,960893,964471
4/29/2023,ISNE,250887,214348
4/29/2023,MISO,1453258,1363066
4/29/2023,NYIS,348685,281636
4/29/2023,PJM,1796303,1850104
4/30/2023,CISO,20735,24896
4/30/2023,ERCO,41903,41821
4/30/2023,ISNE,12214,10615
4/30/2023,MISO,61044,57785
4/30/2023,NYIS,15844,12846
4/30/2023,PJM,76525,79308
7/13/2023,CISO,236207,244795
7/13/2023,ERCO,607547,602876
7/13/2023,ISNE,157149,146691
7/13/2023,MISO,764059,758684
7/13/2023,NYIS,184924,165322
7/13/2023,PJM,927504,955611
7/14/2023,CISO,743825,692153
7/14/2023,ERCO,1631537,1622963
7/14/2023,ISNE,393730,370742
7/14/2023,MISO,2122406,2040245
7/14/2023,NYIS,526689,461306
7/14/2023,PJM,2750081,2878227
7/15/2023,CISO,742878,695244
7/15/2023,ERCO,1575747,1567278
7/15/2023,ISNE,388524,356089
7/15/2023,MISO,1996662,1920476
7/15/2023,NYIS,505170,431171
7/15/2023,PJM,2571730,2695916
7/16/2023,CISO,735547,691472
7/16/2023,ERCO,1495872,1483972
7/16/2023,ISNE,398888,351172
7/16/2023,MISO,1882134,1827869
7/16/2023,NYIS,504152,430609
7/16/2023,PJM,2429493,2554867
7/17/2023,CISO,791105,727941
7/17/2023,ERCO,1546493,1538183
7/17/2023,ISNE,401954,358405
7/17/2023,MISO,1934834,1865580
7/17/2023,NYIS,528489,458802
7/17/2023,PJM,2570866,2692185
7/18/2023,CISO,805726,762033
7/18/2023,ERCO,1635288,1630267
7/18/2023,ISNE,419103,372983
7/18/2023,MISO,1978832,1904312
7/18/2023,NYIS,536558,468193
7/18/2023,PJM,2587908,2725725
7/19/2023,CISO,782562,778718
7/19/2023,ERCO,1647056,1647269
7/19/2023,ISNE,390349,358368
7/19/2023,MISO,2068971,1984399
7/19/2023,NYIS,492274,423300
7/19/2023,PJM,2551710,2724730
7/20/2023,CISO,792953,799434
7/20/2023,ERCO,1630046,1623456
7/20/2023,ISNE,375739,354876
7/20/2023,MISO,2137987,2068310
7/20/2023,NYIS,498779,428475
7/20/2023,PJM,2656288,2825337
7/21/2023,CISO,795433,759147
7/21/2023,ERCO,1594852,1586603
7/21/2023,ISNE,376895,353752
7/21/2023,MISO,2046044,1942143
7/21/2023,NYIS,504544,440830
7/21/2023,PJM,2563076,2729930
7/22/2023,CISO,760598,715572
7/22/2023,ERCO,1534716,1529586
7/22/2023,ISNE,335423,321264
7/22/2023,MISO,1924295,1820532
7/22/2023,NYIS,457470,384188
7/22/2023,PJM,2318659,2490865
7/23/2023,CISO,738298,676006
7/23/2023,ERCO,1479649,1471665
7/23/2023,ISNE,330175,322187
7/23/2023,MISO,1849816,1765449
7/23/2023,NYIS,448668,369407
7/23/2023,PJM,2274480,2423487
7/24/2023,CISO,744104,682330
7/24/2023,ERCO,1518563,1508477
7/24/2023,ISNE,383471,360204
7/24/2023,MISO,2077509,1951042
7/24/2023,NYIS,501845,421254
7/24/2023,PJM,2530835,2716238
7/25/2023,CISO,788459,715032
7/25/2023,ERCO,1584672,1579843
7/25/2023,ISNE,399602,363873
7/25/2023,MISO,2198084,2096189
7/25/2023,NYIS,513627,443340
7/25/2023,PJM,2623375,2791973
7/26/2023,CISO,823037,771039
7/26/2023,ERCO,1590680,1588733
7/26/2023,ISNE,382161,335577
7/26/2023,MISO,2244570,2143929
7/26/2023,NYIS,504330,442582
7/26/2023,PJM,2666366,2859892
7/27/2023,CISO,808249,759411
7/27/2023,ERCO,1579515,1575585
7/27/2023,ISNE,431134,362674
7/27/2023,MISO,2300464,2227277
7/27/2023,NYIS,559672,509534
7/27/2023,PJM,2905736,3063999
7/28/2023,CISO,785640,717663
7/28/2023,ERCO,1564275,1560362
7/28/2023,ISNE,427329,371236
7/28/2023,MISO,2331012,2296731
7/28/2023,NYIS,574389,511831
7/28/2023,PJM,2952774,3054819
7/29/2023,CISO,737697,683227
7/29/2023,ERCO,1525774,1519438
7/29/2023,ISNE,421807,381163
7/29/2023,MISO,2132635,2102435
7/29/2023,NYIS,550586,476873
7/29/2023,PJM,2704827,2808017
7/30/2023,CISO,705146,619362
7/30/2023,ERCO,1530054,1522498
7/30/2023,ISNE,308146,300042
7/30/2023,MISO,1952503,1869760
7/30/2023,NYIS,429032,364133
7/30/2023,PJM,2349879,2497553
7/31/2023,CISO,31997,33389
7/31/2023,ERCO,80146,79326
7/31/2023,ISNE,15385,15168
7/31/2023,MISO,98221,93940
7/31/2023,NYIS,20018,17394
7/31/2023,PJM,111300,118087
10/13/2023,CISO,198605,183899
10/13/2023,ERCO,458390,458182
10/13/2023,ISNE,87324,85749
10/13/2023,MISO,581153,572031
10/13/2023,NYIS,108123,90384
10/13/2023,PJM,578635,598901
10/14/2023,CISO,566827,471637
10/14/2023,ERCO,1061682,1062160
10/14/2023,ISNE,257424,241875
10/14/2023,MISO,1491442,1489812
10/14/2023,NYIS,349383,284175
10/14/2023,PJM,1811813,1851132
10/15/2023,CISO,539233,465726
10/15/2023,ERCO,953472,953818
10/15/2023,ISNE,252669,243638
10/15/2023,MISO,1413833,1366340
10/15/2023,NYIS,336322,274601
10/15/2023,PJM,1733524,1793980
10/16/2023,CISO,605535,538505
10/16/2023,ERCO,989738,989528
10/16/2023,ISNE,274181,262179
10/16/2023,MISO,1533029,1525897
10/16/2023,NYIS,362066,301639
10/16/2023,PJM,1897638,1933390
10/17/2023,CISO,636947,543499
10/17/2023,ERCO,1007203,1007107
10/17/2023,ISNE,277252,268084
10/17/2023,MISO,1578341,1565076
10/17/2023,NYIS,367728,313959
10/17/2023,PJM,1929143,1931666
10/18/2023,CISO,644590,542925
10/18/2023,ERCO,1036608,1036633
10/18/2023,ISNE,281831,265994
10/18/2023,MISO,1579023,1600036
10/18/2023,NYIS,369960,326712
10/18/2023,PJM,1932476,1907267
10/19/2023,CISO,666474,570274
10/19/2023,ERCO,1094579,1093587
10/19/2023,ISNE,272027,252992
10/19/2023,MISO,1586221,1572458
10/19/2023,NYIS,363209,312006
10/19/2023,PJM,1930930,1936584
10/20/2023,CISO,673856,566444
10/20/2023,ERCO,1125702,1124417
10/20/2023,ISNE,285528,258753
10/20/2023,MISO,1590240,1559557
10/20/2023,NYIS,372810,328103
10/20/2023,PJM,1902548,1940920
10/21/2023,CISO,616688,535084
10/21/2023,ERCO,1117983,1119223
10/21/2023,ISNE,273200,252242
10/21/2023,MISO,1505631,1537365
10/21/2023,NYIS,350953,299128
10/21/2023,PJM,1788149,1812374
10/22/2023,CISO,561475,484207
10/22/2023,ERCO,1144814,1140944
10/22/2023,ISNE,251775,244406
10/22/2023,MISO,1469270,1457818
10/22/2023,NYIS,339527,288657
10/22/2023,PJM,1735390,1749443
10/23/2023,CISO,579488,481422
10/23/2023,ERCO,1222831,1221198
10/23/2023,ISNE,269310,252541
10/23/2023,MISO,1592876,1599378
10/23/2023,NYIS,360434,308817
10/23/2023,PJM,1921280,1932051
10/24/2023,CISO,579321,469314
10/24/2023,ERCO,1208869,1209424
10/24/2023,ISNE,277019,263953
10/24/2023,MISO,1647237,1670680
10/24/2023,NYIS,369328,313850
10/24/2023,PJM,1971016,1972080
10/25/2023,CISO,600155,519029
10/25/2023,ERCO,1212522,1209507
10/25/2023,ISNE,275813,258254
10/25/2023,MISO,1657436,1638895
10/25/2023,NYIS,368190,320189
10/25/2023,PJM,1939885,1965311
10/26/2023,CISO,578874,510601
10/26/2023,ERCO,1213709,1206987
10/26/2023,ISNE,275237,268610
10/26/2023,MISO,1669621,1650728
10/26/2023,NYIS,371053,327225
10/26/2023,PJM,1938724,1968164
10/27/2023,CISO,576201,519811
10/27/2023,ERCO,1261464,1251819
10/27/2023,ISNE,277860,266650
10/27/2023,MISO,1677697,1707201
10/27/2023,NYIS,373304,327136
10/27/2023,PJM,1947385,1950636
10/28/2023,CISO,532301,498797
10/28/2023,ERCO,1162428,1152490
10/28/2023,ISNE,258674,254680
10/28/2023,MISO,1566885,1574884
10/28/2023,NYIS,355467,305582
10/28/2023,PJM,1839515,1859584
10/29/2023,CISO,505224,465774
10/29/2023,ERCO,1124738,1122174
10/29/2023,ISNE,266233,256901
10/29/2023,MISO,1531328,1519130
10/29/2023,NYIS,352326,308543
10/29/2023,PJM,1806129,1827054
10/30/2023,CISO,544027,498002
10/30/2023,ERCO,1110598,1110425
10/30/2023,ISNE,291501,271366
10/30/2023,MISO,1645635,1642255
10/30/2023,NYIS,377258,333754
10/30/2023,PJM,1944200,1990480
10/31/2023,CISO,23391,24133
10/31/2023,ERCO,50259,49346
10/31/2023,ISNE,14101,13143
10/31/2023,MISO,76118,77898
10/31/2023,NYIS,17815,16267
10/31/2023,PJM,91303,91615
1/13/2024,CISO,188302,186897
1/13/2024,ERCO,383681,388403
1/13/2024,ISNE,106265,77400
1/13/2024,MISO,639474,631445
1/13/2024,NYIS,118899,105784
1/13/2024,PJM,670907,729262
1/14/2024,CISO,542437,535491
1/14/2024,ERCO,1406684,1424228
1/14/2024,ISNE,306279,221522
1/14/2024,MISO,2003421,1965556
1/14/2024,NYIS,404185,354581
1/14/2024,PJM,2403507,2617644
1/15/2024,CISO,540511,524239
1/15/2024,ERCO,1702179,1695436
1/15/2024,ISNE,344125,271265
1/15/2024,MISO,2192583,2128851
1/15/2024,NYIS,444315,348953
1/15/2024,PJM,2696100,2899918
1/16/2024,CISO,584450,561296
1/16/2024,ERCO,1751031,1744812
1/16/2024,ISNE,378446,295400
1/16/2024,MISO,2311731,2317308
1/16/2024,NYIS,468272,360022
1/16/2024,PJM,2798074,2982589
1/17/2024,CISO,587525,568482
1/17/2024,ERCO,1633218,1625710
1/17/2024,ISNE,383868,302696
1/17/2024,MISO,2292318,2315612
1/17/2024,NYIS,479616,379135
1/17/2024,PJM,2967927,3169913
1/18/2024,CISO,581793,544124
1/18/2024,ERCO,1309356,1319142
1/18/2024,ISNE,393366,313841
1/18/2024,MISO,2076146,2070966
1/18/2024,NYIS,465488,375219
1/18/2024,PJM,2845241,2991213
1/19/2024,CISO,581704,533220
1/19/2024,ERCO,1251017,1259364
1/19/2024,ISNE,385989,316517
1/19/2024,MISO,2019414,2076369
1/19/2024,NYIS,474345,365847
1/19/2024,PJM,2690590,2780323
1/20/2024,CISO,557074,499271
1/20/2024,ERCO,1482387,1482479
1/20/2024,ISNE,380137,322994
1/20/2024,MISO,2122794,2185580
1/20/2024,NYIS,472025,367024
1/20/2024,PJM,2772605,2902764
1/21/2024,CISO,544387,462008
1/21/2024,ERCO,1422452,1418552
1/21/2024,ISNE,374494,312446
1/21/2024,MISO,2089623,2233542
1/21/2024,NYIS,466097,360456
1/21/2024,PJM,2766700,2848344
1/22/2024,CISO,565996,485120
1/22/2024,ERCO,1352588,1343270
1/22/2024,ISNE,379646,318094
1/22/2024,MISO,1990559,2082816
1/22/2024,NYIS,471428,378298
1/22/2024,PJM,2772965,2853445
1/23/2024,CISO,566698,517075
1/23/2024,ERCO,1176069,1177515
1/23/2024,ISNE,358148,305817
1/23/2024,MISO,1834226,1855781
1/23/2024,NYIS,451480,360798
1/23/2024,PJM,2542413,2627899
1/24/2024,CISO,574877,534768
1/24/2024,ERCO,1117238,1117220
1/24/2024,ISNE,362808,324459
1/24/2024,MISO,1755128,1698802
1/24/2024,NYIS,438742,378387
1/24/2024,PJM,2342460,2472280
1/25/2024,CISO,573321,517827
1/25/2024,ERCO,1088887,1092104
1/25/2024,ISNE,333161,306969
1/25/2024,MISO,1726941,1599195
1/25/2024,NYIS,415476,385430
1/25/2024,PJM,2184423,2365934
1/26/2024,CISO,560505,508063
1/26/2024,ERCO,1093088,1095414
1/26/2024,ISNE,336847,312010
1/26/2024,MISO,1733151,1622860
1/26/2024,NYIS,414015,375474
1/26/2024,PJM,2106529,2281058
1/27/2024,CISO,523943,450754
1/27/2024,ERCO,1076527,1080006
1/27/2024,ISNE,318123,290502
1/27/2024,MISO,1653934,1549097
1/27/2024,NYIS,395448,354964
1/27/2024,PJM,2015925,2167233
1/28/2024,CISO,498108,395250
1/28/2024,ERCO,1121039,1120478
1/28/2024,ISNE,321827,267613
1/28/2024,MISO,1661689,1564990
1/28/2024,NYIS,399242,341234
1/28/2024,PJM,2071787,2257587
1/29/2024,CISO,518809,425069
1/29/2024,ERCO,1103493,1102412
1/29/2024,ISNE,349076,278830
1/29/2024,MISO,1787107,1777447
1/29/2024,NYIS,431999,366166
1/29/2024,PJM,2307278,2402891
1/30/2024,CISO,538769,429092
1/30/2024,ERCO,1059352,1059540
1/30/2024,ISNE,360423,282938
1/30/2024,MISO,1788094,1808953
1/30/2024,NYIS,443400,374855
1/30/2024,PJM,2421037,2493942
1/31/2024,CISO,22143,19862
1/31/2024,ERCO,44275,44187
1/31/2024,ISNE,17453,14117
1/31/2024,MISO,76507,75588
1/31/2024,NYIS,20716,17195
1/31/2024,PJM,107637,110934
4/12/2024,CISO,181657,194920
4/12/2024,ERCO,380455,385547
4/12/2024,ISNE,103077,94021
4/12/2024,MISO,527041,525538
4/12/2024,NYIS,111735,95284
4/12/2024,PJM,585157,601322
4/13/2024,CISO,518922,448893
4/13/2024,ERCO,1048604,1054529
4/13/2024,ISNE,252136,231525
4/13/2024,MISO,1452646,1427329
4/13/2024,NYIS,348575,299498
4/13/2024,PJM,1810714,1859242
4/14/2024,CISO,499315,419927
4/14/2024,ERCO,1079290,1087041
4/14/2024,ISNE,247217,229585
4/14/2024,MISO,1429908,1409207
4/14/2024,NYIS,337513,300787
4/14/2024,PJM,1754745,1851220
4/15/2024,CISO,511263,411361
4/15/2024,ERCO,1164409,1166177
4/15/2024,ISNE,251053,244522
4/15/2024,MISO,1584785,1584028
4/15/2024,NYIS,346948,306130
4/15/2024,PJM,1917857,1975362
4/16/2024,CISO,514571,402496
4/16/2024,ERCO,1187026,1188262
4/16/2024,ISNE,244780,244460
4/16/2024,MISO,1651418,1675079
4/16/2024,NYIS,340870,294328
4/16/2024,PJM,1949028,2021460
4/17/2024,CISO,518954,443479
4/17/2024,ERCO,1208590,1209732
4/17/2024,ISNE,250227,248899
4/17/2024,MISO,1640839,1656324
4/17/2024,NYIS,355288,299220
4/17/2024,PJM,1959294,2045582
4/18/2024,CISO,536559,478179
4/18/2024,ERCO,1244655,1245760
4/18/2024,ISNE,285461,277815
4/18/2024,MISO,1622387,1627330
4/18/2024,NYIS,372396,331699
4/18/2024,PJM,1951881,2028907
4/19/2024,CISO,530993,495323
4/19/2024,ERCO,1173694,1175013
4/19/2024,ISNE,259260,259798
4/19/2024,MISO,1598807,1631186
4/19/2024,NYIS,361978,326187
4/19/2024,PJM,1914160,1988597
4/20/2024,CISO,494027,470494
4/20/2024,ERCO,1099960,1098803
4/20/2024,ISNE,255496,233557
4/20/2024,MISO,1507374,1508855
4/20/2024,NYIS,335026,283298
4/20/2024,PJM,1776157,1869230
4/21/2024,CISO,468650,416175
4/21/2024,ERCO,994326,995879
4/21/2024,ISNE,245394,240039
4/21/2024,MISO,1417994,1425477
4/21/2024,NYIS,336603,290909
4/21/2024,PJM,1775474,1833703
4/22/2024,CISO,528659,442976
4/22/2024,ERCO,1016060,1011310
4/22/2024,ISNE,252198,246496
4/22/2024,MISO,1515380,1516968
4/22/2024,NYIS,342119,301608
4/22/2024,PJM,1939363,1981764
4/23/2024,CISO,550565,511875
4/23/2024,ERCO,1052418,1048926
4/23/2024,ISNE,252605,241226
4/23/2024,MISO,1536682,1522692
4/23/2024,NYIS,342944,305500
4/23/2024,PJM,1933025,1982827
4/24/2024,CISO,535883,494202
4/24/2024,ERCO,1136506,1134394
4/24/2024,ISNE,269604,253029
4/24/2024,MISO,1551512,1509054
4/24/2024,NYIS,353941,321687
4/24/2024,PJM,1906454,1981394
4/25/2024,CISO,539307,486693
4/25/2024,ERCO,1186312,1183907
4/25/2024,ISNE,252766,251544
4/25/2024,MISO,1570348,1582986
4/25/2024,NYIS,343595,311125
4/25/2024,PJM,1909591,1941661
4/26/2024,CISO,536219,484758
4/26/2024,ERCO,1203836,1204113
4/26/2024,ISNE,249531,247948
4/26/2024,MISO,1589848,1584270
4/26/2024,NYIS,342467,314605
4/26/2024,PJM,1907403,1974722
4/27/2024,CISO,495445,442895
4/27/2024,ERCO,1196321,1193087
4/27/2024,ISNE,230830,217666
4/27/2024,MISO,1521191,1482971
4/27/2024,NYIS,328280,308479
4/27/2024,PJM,1824959,1905486
4/28/2024,CISO,459800,422914
4/28/2024,ERCO,1153417,1153031
4/28/2024,ISNE,240283,222457
4/28/2024,MISO,1523974,1474773
4/28/2024,NYIS,323847,300332
4/28/2024,PJM,1812368,1904078
4/29/2024,CISO,495548,468990
4/29/2024,ERCO,1200168,1199532
4/29/2024,ISNE,257579,241370
4/29/2024,MISO,1613674,1597548
4/29/2024,NYIS,360152,324315
4/29/2024,PJM,2089657,2157249
4/30/2024,CISO,20375,24967
4/30/2024,ERCO,62102,62211
4/30/2024,ISNE,13112,12308
4/30/2024,MISO,71983,72731
4/30/2024,NYIS,17662,16843
4/30/2024,PJM,104603,104718
7/13/2024,CISO,234530,220083
7/13/2024,ERCO,505622,508917
7/13/2024,ISNE,141528,129981
7/13/2024,MISO,794781,790236
7/13/2024,NYIS,166736,151113
7/13/2024,PJM,918177,930610
7/14/2024,CISO,689933,592094
7/14/2024,ERCO,1381520,1381010
7/14/2024,ISNE,390268,359480
7/14/2024,MISO,2099558,2063782
7/14/2024,NYIS,514339,442243
7/14/2024,PJM,2703316,2809107
7/15/2024,CISO,719196,608120
7/15/2024,ERCO,1510536,1510100
7/15/2024,ISNE,448247,383422
7/15/2024,MISO,2277670,2230126
7/15/2024,NYIS,573613,510021
7/15/2024,PJM,2925484,3039758
7/16/2024,CISO,740226,665118
7/16/2024,ERCO,1569067,1569457
7/16/2024,ISNE,469625,393365
7/16/2024,MISO,2224867,2206794
7/16/2024,NYIS,592767,510731
7/16/2024,PJM,3069535,3151106
7/17/2024,CISO,724236,682986
7/17/2024,ERCO,1563594,1564029
7/17/2024,ISNE,465565,390557
7/17/2024,MISO,2093919,2087867
7/17/2024,NYIS,579049,492852
7/17/2024,PJM,2956893,3009664
7/18/2024,CISO,748374,676979
7/18/2024,ERCO,1422555,1424981
7/18/2024,ISNE,428905,361078
7/18/2024,MISO,1926789,1880194
7/18/2024,NYIS,534839,437962
7/18/2024,PJM,2621724,2728976
7/19/2024,CISO,780504,697068
7/19/2024,ERCO,1442565,1441627
7/19/2024,ISNE,361860,339179
7/19/2024,MISO,1882371,1822167
7/19/2024,NYIS,480201,383231
7/19/2024,PJM,2450456,2539937
7/20/2024,CISO,779109,716758
7/20/2024,ERCO,1429729,1430510
7/20/2024,ISNE,341163,317092
7/20/2024,MISO,1848464,1790217
7/20/2024,NYIS,457829,364928
7/20/2024,PJM,2358205,2445625
7/21/2024,CISO,732711,688468
7/21/2024,ERCO,1401645,1405614
7/21/2024,ISNE,354523,334072
7/21/2024,MISO,1849745,1792005
7/21/2024,NYIS,475025,377043
7/21/2024,PJM,2359190,2457356
7/22/2024,CISO,763394,665719
7/22/2024,ERCO,1391818,1396325
7/22/2024,ISNE,381479,354356
7/22/2024,MISO,1992628,1936237
7/22/2024,NYIS,523157,416288
7/22/2024,PJM,2560043,2651688
7/23/2024,CISO,851223,751644
7/23/2024,ERCO,1336271,1339004
7/23/2024,ISNE,391666,337646
7/23/2024,MISO,2023150,1977948
7/23/2024,NYIS,519284,443492
7/23/2024,PJM,2612896,2689884
7/24/2024,CISO,876944,785860
7/24/2024,ERCO,1357328,1358759
7/24/2024,ISNE,366919,334804
7/24/2024,MISO,2002530,1971115
7/24/2024,NYIS,520200,440695
7/24/2024,PJM,2652626,2704898
7/25/2024,CISO,875161,798074
7/25/2024,ERCO,1377143,1379752
7/25/2024,ISNE,368704,341635
7/25/2024,MISO,1991240,1973800
7/25/2024,NYIS,512939,434103
7/25/2024,PJM,2594285,2655305
7/26/2024,CISO,848319,786988
7/26/2024,ERCO,1340362,1339333
7/26/2024,ISNE,335998,309393
7/26/2024,MISO,1986216,1950550
7/26/2024,NYIS,462078,396320
7/26/2024,PJM,2444854,2538182
7/27/2024,CISO,731788,687108
7/27/2024,ERCO,1321705,1322955
7/27/2024,ISNE,325624,302266
7/27/2024,MISO,1924297,1871677
7/27/2024,NYIS,447138,375366
7/27/2024,PJM,2338867,2457286
7/28/2024,CISO,635675,564659
7/28/2024,ERCO,1364337,1362969
7/28/2024,ISNE,327075,305991
7/28/2024,MISO,1952828,1917801
7/28/2024,NYIS,452687,370953
7/28/2024,PJM,2370239,2472742
7/29/2024,CISO,668528,581986
7/29/2024,ERCO,1529970,1529483
7/29/2024,ISNE,346535,329278
7/29/2024,MISO,2166086,2105968
7/29/2024,NYIS,504004,432283
7/29/2024,PJM,2655625,2743553
7/30/2024,CISO,710137,638483
7/30/2024,ERCO,1589582,1590469
7/30/2024,ISNE,382804,340447
7/30/2024,MISO,2263019,2199113
7/30/2024,NYIS,543191,476841
7/30/2024,PJM,2761529,2847936
7/31/2024,CISO,31940,32309
7/31/2024,ERCO,78144,78124
7/31/2024,ISNE,20803,17815
7/31/2024,MISO,109950,106974
7/31/2024,NYIS,26508,24555
7/31/2024,PJM,131586,135716
8/1/2024,CISO,756038,696639
8/1/2024,ERCO,1572324,1579673
8/1/2024,ISNE,437355,377380
8/1/2024,MISO,2279085,2255255
8/1/2024,NYIS,572306,501357
8/1/2024,PJM,2935049,3023821
8/2/2024,CISO,786472,715389
8/2/2024,ERCO,1592255,1591391
8/2/2024,ISNE,456435,404813
8/2/2024,MISO,2233518,2226912
8/2/2024,NYIS,590871,505466
8/2/2024,PJM,2955448,3033671
8/3/2024,CISO,39628,37494
8/3/2024,ERCO,79688,78875
8/3/2024,ISNE,21398,18344
8/3/2024,MISO,106426,106301
8/3/2024,NYIS,25752,23833
8/3/2024,PJM,131147,134234
